<?xml version="1.0" encoding="UTF-8"?>
<config xmlns="http://www.knime.org/2008/09/XMLConfig" xmlns:xsi="http://www.w3.org/2001/XMLSchema-instance" xsi:schemaLocation="http://www.knime.org/2008/09/XMLConfig http://www.knime.org/XMLConfig_2008_09.xsd" key="filestore">
<config key="filestore_keys">
<config key="filestore_key_0">
<entry key="storeUUID" type="xstring" value="be3927c0-8969-443d-9fd6-cd222e3df626"/>
<entry key="index" type="xint" value="0"/>
<entry key="name" type="xstring" value="20a9a12d-e9e4-4021-8024-e9410885c4bb"/>
<entry key="iterationIndex" type="xint" value="-1"/>
</config>
</config>
</config>
